EXEC DeleteAllRecords;
INSERT INTO PLANE VALUES(111111, 'B-52', 5);
INSERT INTO PLANE VALUES(552297, 'Boeing 737 MAX', 180);
INSERT INTO PLANE VALUES(142145, 'Boeing 757', 200);
INSERT INTO PLANE VALUES(742121, 'Boeing 787-8 Dreamliner', 248);
INSERT INTO PLANE VALUES(581376, 'Boeing 777', 320);
INSERT INTO AIRPORT VALUES(743113, 'Nashville', 'Nashville International Aiport');
INSERT INTO AIRPORT VALUES(681539, 'Cleveland', 'Cleveland Hopkins International Airport');
INSERT INTO AIRPORT VALUES(351442, 'Seattle', 'Seattle-Tacoma International Aiport');
INSERT INTO AIRPORT VALUES(307847, 'New York', 'LaGuardia International Airport');
INSERT INTO AIRPORT VALUES(652397, 'Chicago', 'O''Hare International Airport');
INSERT INTO AIRPORT VALUES(327935, 'Los Angeles', 'LAX International Airport');
INSERT INTO AIRPORT VALUES(392098, 'Houston', 'George Bush Intercontinental Airport');
INSERT INTO AIRPORT VALUES(359158, 'Orlando', 'Orlando International Airport');
INSERT INTO AIRPORT VALUES(146683, 'Phoenix', 'Phoenix Sky Harbor International Airport');
INSERT INTO AIRPORT VALUES(817800, 'Detroit', 'Detroit Metropolitan Airport');
INSERT INTO AIRPORT VALUES(236179, 'Newark', 'Newark Liberty International Airport');
INSERT INTO AIRPORT VALUES(131260, 'Arlington', 'Ronald Reagan Washington National Airport');
INSERT INTO AIRPORT VALUES(861317, 'Omaha', 'Eppley Airport');
INSERT INTO AIRPORT VALUES(718564, 'Baltimore', 'Baltimore/Washington International Airport');
INSERT INTO AIRPORT VALUES(556858, 'Salt Lake City', 'Salt Lake City International Airport');
INSERT INTO FLIGHTROUTE VALUES(233822, 652397, 307847, 918);
INSERT INTO FLIGHTROUTE VALUES(139284, 307847, 652397, 918);
INSERT INTO FLIGHTROUTE VALUES(154467, 743113, 681539, 584);
INSERT INTO FLIGHTROUTE VALUES(688819, 681539, 743113, 584);
INSERT INTO FLIGHTROUTE VALUES(229294, 681539, 236179, 484);
INSERT INTO FLIGHTROUTE VALUES(827546, 236179, 681539, 484);
INSERT INTO FLIGHTROUTE VALUES(591072, 681539, 743113, 1110);
INSERT INTO FLIGHTROUTE VALUES(369261, 359158, 681539, 1110);
INSERT INTO FLIGHTROUTE VALUES(725384, 743113, 652397, 503);
INSERT INTO FLIGHTROUTE VALUES(900208, 652397, 743113, 503);
INSERT INTO FLIGHTROUTE VALUES(523095, 681539, 652397, 472);
INSERT INTO FLIGHTROUTE VALUES(263470, 652397, 681539, 472);
INSERT INTO FLIGHTROUTE VALUES(555091, 327935, 351442, 1136);
INSERT INTO FLIGHTROUTE VALUES(447493, 351442, 327935, 1136);
INSERT INTO FLIGHTROUTE VALUES(717628, 351442, 861317, 1501);
INSERT INTO FLIGHTROUTE VALUES(129862, 861317, 351442, 1501);
INSERT INTO FLIGHTROUTE VALUES(842501, 861317, 681539, 1018);
INSERT INTO FLIGHTROUTE VALUES(498741, 681539, 861317, 1018);
INSERT INTO FLIGHTROUTE VALUES(513462, 861317, 652397, 633);
INSERT INTO FLIGHTROUTE VALUES(977849, 652397, 861317, 633);
INSERT INTO FLIGHTROUTE VALUES(612212, 681539, 307847, 463);
INSERT INTO FLIGHTROUTE VALUES(764501, 307847, 681539, 463);
INSERT INTO FLIGHTROUTE VALUES(378972, 743113, 817800, 709);
INSERT INTO FLIGHTROUTE VALUES(283022, 817800, 743113, 709);
INSERT INTO FLIGHTROUTE VALUES(556020, 681539, 817800, 369);
INSERT INTO FLIGHTROUTE VALUES(784413, 392098, 327935, 1406);
EXEC InsertFlight @FlightID = 764454, @FlightCost = 160.16, @FlightPoints = 16016, @RouteID = 233822, @DepartureID = 231807, @YearWeekID = 202340, @DepartureTime = '22:40:12.6402853', @PlaneID = 111111;
UPDATE FLIGHT_PLANE SET PlaneID = 581376 WHERE FlightID = 764454;
EXEC InsertFlight @FlightID = 168286, @FlightCost = 160.16, @FlightPoints = 16016, @RouteID = 139284, @DepartureID = 309282, @YearWeekID = 202339, @DepartureTime = '22:40:12.6575539', @PlaneID = 111111;
UPDATE FLIGHT_PLANE SET PlaneID = 581376 WHERE FlightID = 168286;
EXEC InsertFlight @FlightID = 800267, @FlightCost = 120.08, @FlightPoints = 12008, @RouteID = 154467, @DepartureID = 865374, @YearWeekID = 202341, @DepartureTime = '22:40:12.6618325', @PlaneID = 111111;
UPDATE FLIGHT_PLANE SET PlaneID = 552297 WHERE FlightID = 800267;
EXEC InsertFlight @FlightID = 446096, @FlightCost = 120.08, @FlightPoints = 12008, @RouteID = 688819, @DepartureID = 750186, @YearWeekID = 202322, @DepartureTime = '22:40:12.6654474', @PlaneID = 111111;
UPDATE FLIGHT_PLANE SET PlaneID = 552297 WHERE FlightID = 446096;
EXEC InsertFlight @FlightID = 494596, @FlightCost = 108.08, @FlightPoints = 10808, @RouteID = 229294, @DepartureID = 946774, @YearWeekID = 202342, @DepartureTime = '22:40:12.6693894', @PlaneID = 111111;
UPDATE FLIGHT_PLANE SET PlaneID = 552297 WHERE FlightID = 494596;
EXEC InsertFlight @FlightID = 662444, @FlightCost = 108.08, @FlightPoints = 10808, @RouteID = 827546, @DepartureID = 105196, @YearWeekID = 202344, @DepartureTime = '22:40:12.6733777', @PlaneID = 111111;
UPDATE FLIGHT_PLANE SET PlaneID = 552297 WHERE FlightID = 662444;
EXEC InsertFlight @FlightID = 670419, @FlightCost = 183.2, @FlightPoints = 18320, @RouteID = 591072, @DepartureID = 875678, @YearWeekID = 202331, @DepartureTime = '22:40:12.6783869', @PlaneID = 111111;
UPDATE FLIGHT_PLANE SET PlaneID = 581376 WHERE FlightID = 670419;
EXEC InsertFlight @FlightID = 694128, @FlightCost = 183.2, @FlightPoints = 18320, @RouteID = 369261, @DepartureID = 886958, @YearWeekID = 202329, @DepartureTime = '22:40:12.6824492', @PlaneID = 111111;
UPDATE FLIGHT_PLANE SET PlaneID = 581376 WHERE FlightID = 694128;
EXEC InsertFlight @FlightID = 880025, @FlightCost = 110.36, @FlightPoints = 11036, @RouteID = 725384, @DepartureID = 661646, @YearWeekID = 202345, @DepartureTime = '22:40:12.6861441', @PlaneID = 111111;
UPDATE FLIGHT_PLANE SET PlaneID = 552297 WHERE FlightID = 880025;
EXEC InsertFlight @FlightID = 325950, @FlightCost = 110.36, @FlightPoints = 11036, @RouteID = 900208, @DepartureID = 555442, @YearWeekID = 202342, @DepartureTime = '22:40:12.6902072', @PlaneID = 111111;
UPDATE FLIGHT_PLANE SET PlaneID = 552297 WHERE FlightID = 325950;
EXEC InsertFlight @FlightID = 653412, @FlightCost = 106.64, @FlightPoints = 10664, @RouteID = 523095, @DepartureID = 857770, @YearWeekID = 202331, @DepartureTime = '22:40:12.6947512', @PlaneID = 111111;
UPDATE FLIGHT_PLANE SET PlaneID = 552297 WHERE FlightID = 653412;
EXEC InsertFlight @FlightID = 950616, @FlightCost = 106.64, @FlightPoints = 10664, @RouteID = 263470, @DepartureID = 734302, @YearWeekID = 202330, @DepartureTime = '22:40:12.6986303', @PlaneID = 111111;
UPDATE FLIGHT_PLANE SET PlaneID = 552297 WHERE FlightID = 950616;
EXEC InsertFlight @FlightID = 946049, @FlightCost = 186.32, @FlightPoints = 18632, @RouteID = 555091, @DepartureID = 613869, @YearWeekID = 202331, @DepartureTime = '22:40:12.7061545', @PlaneID = 111111;
UPDATE FLIGHT_PLANE SET PlaneID = 581376 WHERE FlightID = 946049;
EXEC InsertFlight @FlightID = 879308, @FlightCost = 230.12, @FlightPoints = 23012, @RouteID = 717628, @DepartureID = 322008, @YearWeekID = 202319, @DepartureTime = '22:40:12.7096926', @PlaneID = 111111;
UPDATE FLIGHT_PLANE SET PlaneID = 581376 WHERE FlightID = 879308;
EXEC InsertFlight @FlightID = 362910, @FlightCost = 230.12, @FlightPoints = 23012, @RouteID = 129862, @DepartureID = 859921, @YearWeekID = 202336, @DepartureTime = '22:40:12.7155596', @PlaneID = 111111;
UPDATE FLIGHT_PLANE SET PlaneID = 581376 WHERE FlightID = 362910;
EXEC InsertFlight @FlightID = 322053, @FlightCost = 172.16, @FlightPoints = 17216, @RouteID = 842501, @DepartureID = 546146, @YearWeekID = 202332, @DepartureTime = '22:40:12.7236440', @PlaneID = 111111;
UPDATE FLIGHT_PLANE SET PlaneID = 581376 WHERE FlightID = 322053;
EXEC InsertFlight @FlightID = 236198, @FlightCost = 125.96, @FlightPoints = 12596, @RouteID = 513462, @DepartureID = 891273, @YearWeekID = 202324, @DepartureTime = '22:40:12.7291531', @PlaneID = 111111;
UPDATE FLIGHT_PLANE SET PlaneID = 742121 WHERE FlightID = 236198;
EXEC InsertFlight @FlightID = 326137, @FlightCost = 125.96, @FlightPoints = 12596, @RouteID = 977849, @DepartureID = 617416, @YearWeekID = 202346, @DepartureTime = '22:40:12.7341109', @PlaneID = 111111;
UPDATE FLIGHT_PLANE SET PlaneID = 742121 WHERE FlightID = 326137;
EXEC InsertFlight @FlightID = 953205, @FlightCost = 105.56, @FlightPoints = 10556, @RouteID = 612212, @DepartureID = 518997, @YearWeekID = 202331, @DepartureTime = '22:40:12.7381830', @PlaneID = 111111;
UPDATE FLIGHT_PLANE SET PlaneID = 552297 WHERE FlightID = 953205;
EXEC InsertFlight @FlightID = 484746, @FlightCost = 105.56, @FlightPoints = 10556, @RouteID = 764501, @DepartureID = 868096, @YearWeekID = 202326, @DepartureTime = '22:40:12.7416363', @PlaneID = 111111;
UPDATE FLIGHT_PLANE SET PlaneID = 552297 WHERE FlightID = 484746;
EXEC InsertFlight @FlightID = 965725, @FlightCost = 135.08, @FlightPoints = 13508, @RouteID = 378972, @DepartureID = 648540, @YearWeekID = 202327, @DepartureTime = '22:40:12.7446785', @PlaneID = 111111;
UPDATE FLIGHT_PLANE SET PlaneID = 742121 WHERE FlightID = 965725;
EXEC InsertFlight @FlightID = 798337, @FlightCost = 135.08, @FlightPoints = 13508, @RouteID = 283022, @DepartureID = 993058, @YearWeekID = 202330, @DepartureTime = '22:40:12.7480387', @PlaneID = 111111;
UPDATE FLIGHT_PLANE SET PlaneID = 742121 WHERE FlightID = 798337;
EXEC InsertFlight @FlightID = 350661, @FlightCost = 84.852, @FlightPoints = 8485, @RouteID = 556020, @DepartureID = 302705, @YearWeekID = 202334, @DepartureTime = '22:40:12.7518855', @PlaneID = 111111;
UPDATE FLIGHT_PLANE SET PlaneID = 552297 WHERE FlightID = 350661;
EXEC InsertFlight @FlightID = 671871, @FlightCost = 218.72, @FlightPoints = 21872, @RouteID = 784413, @DepartureID = 877946, @YearWeekID = 202319, @DepartureTime = '22:40:12.7564767', @PlaneID = 111111;
UPDATE FLIGHT_PLANE SET PlaneID = 581376 WHERE FlightID = 671871;
INSERT INTO CUSTOMER VALUES(149246, '34-ED-EE-F9-40-58-76-57-99-8D-65-62-17-B9-48-90-36-56-55-61-DB-34-5F-3D-4D-CF-36-D1-1F-C7-AF-D9-9C-33-A4-17-38-8F-5D-89-01-DE-4C-F4-9A-16-DF-84-EE-FE-03-19-45-AD-63-D1-90-86-44-D8-0C-49-5C-6A', 'Bob', 'Smith', '237 Berry, Houston, TX', '2203257678', '2/28/2001 10:40:12 PM', 0.0, 0, 'EB-72-AB-A1-35-74-7F-E9-06-D0-16-49-A5-A0-2C-8F-44-E0-2D-56-28-31-78-E0-19-1F-80-5A-D9-00-FE-63', 'boberbs@gmail.com');
INSERT INTO CUSTOMER VALUES(178688, '1D-56-B7-A8-32-E4-B8-9E-91-26-CB-0B-42-4B-C7-C7-DC-9C-B4-1A-BB-74-88-57-6A-53-0E-77-F3-D1-5B-F5-38-F0-AA-B1-43-41-A9-7B-74-E1-CA-6D-42-3D-D4-0F-BA-22-BD-32-5E-35-1B-39-66-38-25-73-33-D2-7D-0B', 'John', 'Smith', '255 June Road, Cleveland, OH', '3326471123', '4/30/1997 10:40:12 PM', 0.0, 0, '19-DB-BB-F6-52-5A-00-C2-9C-1E-AC-1A-CC-BA-2A-F4-BC-98-B4-3E-37-04-75-BA-10-16-C2-38-95-58-EB-B1', 'jonnytest@gmail.com');
INSERT INTO CUSTOMER VALUES(127408, 'B8-9C-BB-58-33-94-AE-C5-0C-46-11-B5-A5-E9-17-C4-10-7C-43-1E-82-C7-AB-8D-D7-E9-4A-A5-25-2F-B1-11-23-5D-F7-0E-CF-41-BC-5F-F6-73-E4-4F-9B-2E-64-C2-E2-A9-A3-D1-4C-7A-92-DE-6E-DB-00-61-87-3C-88-12', 'Melissa', 'Tost', '95 Amber Ave, Elyria, OH', '1231234567', '10/30/1968 10:40:12 PM', 0.0, 0, '19-4E-E4-2E-7C-EA-02-68-3F-0A-6F-8F-53-43-22-90-0D-89-BA-73-0D-12-7F-AC-BF-83-2F-22-D3-35-BE-FD', 'melsocool@gmail.com');
INSERT INTO CUSTOMER VALUES(189636, '4F-A9-66-40-EA-4C-9A-1D-1D-14-A2-F4-15-84-8B-82-D6-65-2B-45-BD-CB-7F-77-7F-5E-19-B1-7D-B6-17-04-3C-CD-25-E8-6D-50-EA-20-FB-D9-93-91-53-B4-A7-67-5E-40-4B-01-CC-44-D0-3F-0D-BC-04-6D-BE-B0-35-9A', 'Nate', 'Oakley', '123 Shirley, Elyria, OH', '3212345876', '7/30/1970 10:40:12 PM', 0.0, 0, '76-62-30-7E-22-D7-07-F4-89-9B-DC-B6-AE-BC-E4-DC-4C-9E-92-54-83-A0-8A-6E-D7-CE-41-A2-B4-68-80-81', 'NOp3sta@gmail.com');
INSERT INTO CUSTOMER VALUES(139716, 'E8-99-97-A5-D4-1D-AE-A9-ED-BA-23-40-F0-7E-D9-71-74-7D-19-A0-86-EE-0F-7D-19-F7-D5-2E-30-C6-64-B1-76-00-15-4F-D5-4E-AA-C9-5B-96-0A-22-DF-52-11-B1-7F-36-51-18-69-F4-55-0C-22-85-17-13-6F-18-DC-72', 'Kiyle', 'Styles', '666 Whirley Ave, Pigeon Forge, Pa', '9876541122', '4/30/1994 10:40:12 PM', 0.0, 0, '32-77-8B-E6-00-B7-19-3F-C7-BA-0C-36-00-37-03-B2-48-9A-D3-A6-18-F8-B1-CB-14-66-D4-25-ED-F1-D0-D6', 'kiyle.styles@hotmail.com');
INSERT INTO CUSTOMER VALUES(154393, '35-08-2F-63-64-18-2D-3B-01-2D-A2-0A-8D-19-0A-71-56-D1-16-8A-89-02-ED-75-5E-11-05-CC-E0-76-DA-1D-93-08-F3-73-B3-B0-02-9A-47-EC-51-5A-3E-54-8A-76-2A-EA-13-07-83-FF-6B-10-67-22-11-86-2E-F0-28-CD', 'Trent', 'Ward', '999 Bubba Ln, Hershey, PA', '1112223333', '10/30/2001 10:40:12 PM', 0.0, 0, '0F-09-AF-D5-71-63-28-F8-C1-B5-BB-73-AD-7B-71-8B-F3-0A-40-D2-BA-16-E6-E8-9C-26-37-CE-44-C1-45-57', 'tren.sc@gmail.com');
INSERT INTO CUSTOMER VALUES(138645, '74-48-F3-45-C0-36-8A-DE-99-D7-42-25-B7-6E-98-0B-77-98-67-7B-01-DA-B9-A7-3E-80-90-61-43-D9-33-99-EE-B5-90-43-F9-96-E6-FB-F6-3B-91-BE-65-F0-9A-03-84-51-10-53-E3-00-80-2E-CA-49-ED-EC-0E-3D-6E-F0', 'Harry', 'Ren', '777 Angel Ln, Los Angeles, CA', '2221115555', '3/30/2001 10:40:12 PM', 0.0, 0, 'F6-61-C6-95-C0-A4-6C-EE-26-5B-EC-56-12-31-EA-5D-DA-3B-88-6E-56-1D-A3-3C-B1-5E-8E-E4-86-ED-2F-A7', 'coolname@gmail.com');
INSERT INTO CUSTOMER VALUES(187225, 'BE-CC-FF-AA-3F-A2-AE-F4-91-6C-0F-60-C1-7E-BF-D0-FE-B9-99-AE-E0-AF-C7-84-D5-20-7B-86-86-88-2E-CE-11-3E-D1-E9-C1-79-93-E6-20-19-8A-05-89-C2-E2-B9-35-47-F7-F4-8F-F9-CF-29-CE-36-08-3E-B0-D3-B7-80', 'Tom', 'Wallace', '432 Green road, Nashville, TN', '7776665555', '1/30/2001 10:40:12 PM', 0.0, 0, 'FF-8B-74-0B-B7-F2-1E-D3-3E-BF-65-8D-67-AA-B0-A9-9C-C0-09-AB-7C-A3-B5-09-26-AA-48-1F-61-90-18-AF', 'tomshardware@hardware.com');
EXEC InsertTransaction @TransactionID = 536118, @TicketCost = 128.08, @PointCost = 0, @CustomerID = 149246, @UserCashBalance=0.00;
EXEC InsertTicket @TicketID = 679422, @StartCity = 'Cleveland', @EndCity  = 'Nashville', @TicketCost = 128.07999999999998, @DistanceMiles  = 584, @TransactionID  = 536118, @CustomerID  = 149246;
EXEC UpdateFlights @CustomerID = 149246, @FlightID = 446096, @DepartureID = 750186, @TicketID = 679422;
EXEC InsertTransaction @TransactionID = 118554, @TicketCost = 116.08, @PointCost = 0, @CustomerID = 138645, @UserCashBalance=0.00;
EXEC InsertTicket @TicketID = 328813, @StartCity = 'Newark', @EndCity  = 'Cleveland', @TicketCost = 116.08, @DistanceMiles  = 484, @TransactionID  = 118554, @CustomerID  = 138645;
EXEC UpdateFlights @CustomerID = 138645, @FlightID = 662444, @DepartureID = 105196, @TicketID = 328813;
EXEC InsertTransaction @TransactionID = 732403, @TicketCost = 118.36, @PointCost = 0, @CustomerID = 139716, @UserCashBalance=0.00;
EXEC InsertTicket @TicketID = 787553, @StartCity = 'Nashville', @EndCity  = 'Chicago', @TicketCost = 118.36, @DistanceMiles  = 503, @TransactionID  = 732403, @CustomerID  = 139716;
EXEC UpdateFlights @CustomerID = 139716, @FlightID = 880025, @DepartureID = 661646, @TicketID = 787553;
EXEC InsertTransaction @TransactionID = 500504, @TicketCost = 118.36, @PointCost = 0, @CustomerID = 187225, @UserCashBalance=0.00;
EXEC InsertTicket @TicketID = 577068, @StartCity = 'Chicago', @EndCity  = 'Nashville', @TicketCost = 118.36, @DistanceMiles  = 503, @TransactionID  = 500504, @CustomerID  = 187225;
EXEC UpdateFlights @CustomerID = 187225, @FlightID = 325950, @DepartureID = 555442, @TicketID = 577068;
EXEC InsertTransaction @TransactionID = 760881, @TicketCost = 114.64, @PointCost = 0, @CustomerID = 178688, @UserCashBalance=0.00;
EXEC InsertTicket @TicketID = 135821, @StartCity = 'Cleveland', @EndCity  = 'Chicago', @TicketCost = 114.64, @DistanceMiles  = 472, @TransactionID  = 760881, @CustomerID  = 178688;
EXEC UpdateFlights @CustomerID = 178688, @FlightID = 653412, @DepartureID = 857770, @TicketID = 135821;
EXEC CancelTicket @TicketID = 135821, @TicketCost = 114.64, @PointCost = 0;
EXEC InsertTransaction @TransactionID = 734451, @TicketCost = 133.96, @PointCost = 0, @CustomerID = 187225, @UserCashBalance=0.00;
EXEC InsertTicket @TicketID = 800779, @StartCity = 'Chicago', @EndCity  = 'Omaha', @TicketCost = 133.95999999999998, @DistanceMiles  = 633, @TransactionID  = 734451, @CustomerID  = 187225;
EXEC UpdateFlights @CustomerID = 187225, @FlightID = 326137, @DepartureID = 617416, @TicketID = 800779;
EXEC InsertTransaction @TransactionID = 938967, @TicketCost = 113.56, @PointCost = 0, @CustomerID = 187225, @UserCashBalance=0.00;
EXEC InsertTicket @TicketID = 966226, @StartCity = 'New York', @EndCity  = 'Cleveland', @TicketCost = 113.56, @DistanceMiles  = 463, @TransactionID  = 938967, @CustomerID  = 187225;
EXEC UpdateFlights @CustomerID = 187225, @FlightID = 484746, @DepartureID = 868096, @TicketID = 966226;
EXEC CancelTicket @TicketID = 966226, @TicketCost = 113.56, @PointCost = 0;
EXEC InsertTransaction @TransactionID = 918019, @TicketCost = 143.08, @PointCost = 0, @CustomerID = 187225, @UserCashBalance=113.56;
EXEC InsertTicket @TicketID = 584058, @StartCity = 'Detroit', @EndCity  = 'Nashville', @TicketCost = 143.08, @DistanceMiles  = 709, @TransactionID  = 918019, @CustomerID  = 187225;
EXEC UpdateFlights @CustomerID = 187225, @FlightID = 798337, @DepartureID = 993058, @TicketID = 584058;
EXEC InsertTransaction @TransactionID = 220457, @TicketCost = 92.852, @PointCost = 0, @CustomerID = 127408, @UserCashBalance=0.00;
EXEC InsertTicket @TicketID = 668115, @StartCity = 'Cleveland', @EndCity  = 'Detroit', @TicketCost = 92.852, @DistanceMiles  = 369, @TransactionID  = 220457, @CustomerID  = 127408;
EXEC UpdateFlights @CustomerID = 127408, @FlightID = 350661, @DepartureID = 302705, @TicketID = 668115;
EXEC InsertTransaction @TransactionID = 816513, @TicketCost = 226.72, @PointCost = 0, @CustomerID = 187225, @UserCashBalance=0.00;
EXEC InsertTicket @TicketID = 107163, @StartCity = 'Houston', @EndCity  = 'Los Angeles', @TicketCost = 226.72, @DistanceMiles  = 1406, @TransactionID  = 816513, @CustomerID  = 187225;
EXEC UpdateFlights @CustomerID = 187225, @FlightID = 671871, @DepartureID = 877946, @TicketID = 107163;
EXEC CancelTicket @TicketID = 107163, @TicketCost = 226.72, @PointCost = 0;
EXEC InsertTransaction @TransactionID = 782196, @TicketCost = 168.16, @PointCost = 0, @CustomerID = 189636, @UserCashBalance=0.00;
EXEC InsertTicket @TicketID = 678145, @StartCity = 'New York', @EndCity  = 'Chicago', @TicketCost = 168.16, @DistanceMiles  = 918, @TransactionID  = 782196, @CustomerID  = 189636;
EXEC UpdateFlights @CustomerID = 189636, @FlightID = 168286, @DepartureID = 309282, @TicketID = 678145;
EXEC InsertTransaction @TransactionID = 115267, @TicketCost = 128.08, @PointCost = 0, @CustomerID = 139716, @UserCashBalance=0.00;
EXEC InsertTicket @TicketID = 166258, @StartCity = 'Cleveland', @EndCity  = 'Nashville', @TicketCost = 128.07999999999998, @DistanceMiles  = 584, @TransactionID  = 115267, @CustomerID  = 139716;
EXEC UpdateFlights @CustomerID = 139716, @FlightID = 446096, @DepartureID = 750186, @TicketID = 166258;
EXEC InsertTransaction @TransactionID = 409536, @TicketCost = 116.08, @PointCost = 0, @CustomerID = 187225, @UserCashBalance=226.72;
EXEC InsertTicket @TicketID = 916373, @StartCity = 'Cleveland', @EndCity  = 'Newark', @TicketCost = 116.08, @DistanceMiles  = 484, @TransactionID  = 409536, @CustomerID  = 187225;
EXEC UpdateFlights @CustomerID = 187225, @FlightID = 494596, @DepartureID = 946774, @TicketID = 916373;
EXEC InsertTransaction @TransactionID = 659863, @TicketCost = 191.2, @PointCost = 0, @CustomerID = 187225, @UserCashBalance=110.64;
EXEC InsertTicket @TicketID = 132023, @StartCity = 'Orlando', @EndCity  = 'Cleveland', @TicketCost = 191.2, @DistanceMiles  = 1110, @TransactionID  = 659863, @CustomerID  = 187225;
EXEC UpdateFlights @CustomerID = 187225, @FlightID = 694128, @DepartureID = 886958, @TicketID = 132023;
EXEC InsertTransaction @TransactionID = 521064, @TicketCost = 238.12, @PointCost = 0, @CustomerID = 138645, @UserCashBalance=0.00;
EXEC InsertTicket @TicketID = 273675, @StartCity = 'Seattle', @EndCity  = 'Omaha', @TicketCost = 238.12, @DistanceMiles  = 1501, @TransactionID  = 521064, @CustomerID  = 138645;
EXEC UpdateFlights @CustomerID = 138645, @FlightID = 879308, @DepartureID = 322008, @TicketID = 273675;
EXEC CancelTicket @TicketID = 273675, @TicketCost = 238.12, @PointCost = 0;
EXEC InsertTransaction @TransactionID = 468511, @TicketCost = 238.12, @PointCost = 0, @CustomerID = 139716, @UserCashBalance=0.00;
EXEC InsertTicket @TicketID = 804516, @StartCity = 'Omaha', @EndCity  = 'Seattle', @TicketCost = 238.12, @DistanceMiles  = 1501, @TransactionID  = 468511, @CustomerID  = 139716;
EXEC UpdateFlights @CustomerID = 139716, @FlightID = 362910, @DepartureID = 859921, @TicketID = 804516;
EXEC CancelTicket @TicketID = 804516, @TicketCost = 238.12, @PointCost = 0;
EXEC InsertTransaction @TransactionID = 676784, @TicketCost = 133.96, @PointCost = 0, @CustomerID = 139716, @UserCashBalance=238.12;
EXEC InsertTicket @TicketID = 533805, @StartCity = 'Omaha', @EndCity  = 'Chicago', @TicketCost = 133.95999999999998, @DistanceMiles  = 633, @TransactionID  = 676784, @CustomerID  = 139716;
EXEC UpdateFlights @CustomerID = 139716, @FlightID = 236198, @DepartureID = 891273, @TicketID = 533805;
EXEC InsertTransaction @TransactionID = 997415, @TicketCost = 133.96, @PointCost = 0, @CustomerID = 178688, @UserCashBalance=114.64;
EXEC InsertTicket @TicketID = 691943, @StartCity = 'Chicago', @EndCity  = 'Omaha', @TicketCost = 133.95999999999998, @DistanceMiles  = 633, @TransactionID  = 997415, @CustomerID  = 178688;
EXEC UpdateFlights @CustomerID = 178688, @FlightID = 326137, @DepartureID = 617416, @TicketID = 691943;
EXEC InsertTransaction @TransactionID = 472966, @TicketCost = 128.08, @PointCost = 0, @CustomerID = 178688, @UserCashBalance=0.00;
EXEC InsertTicket @TicketID = 918977, @StartCity = 'Nashville', @EndCity  = 'Cleveland', @TicketCost = 128.07999999999998, @DistanceMiles  = 584, @TransactionID  = 472966, @CustomerID  = 178688;
EXEC UpdateFlights @CustomerID = 178688, @FlightID = 800267, @DepartureID = 865374, @TicketID = 918977;
EXEC InsertTransaction @TransactionID = 374875, @TicketCost = 116.08, @PointCost = 0, @CustomerID = 178688, @UserCashBalance=0.00;
EXEC InsertTicket @TicketID = 395857, @StartCity = 'Cleveland', @EndCity  = 'Newark', @TicketCost = 116.08, @DistanceMiles  = 484, @TransactionID  = 374875, @CustomerID  = 178688;
EXEC UpdateFlights @CustomerID = 178688, @FlightID = 494596, @DepartureID = 946774, @TicketID = 395857;
EXEC InsertTransaction @TransactionID = 684600, @TicketCost = 116.08, @PointCost = 0, @CustomerID = 189636, @UserCashBalance=0.00;
EXEC InsertTicket @TicketID = 558458, @StartCity = 'Newark', @EndCity  = 'Cleveland', @TicketCost = 116.08, @DistanceMiles  = 484, @TransactionID  = 684600, @CustomerID  = 189636;
EXEC UpdateFlights @CustomerID = 189636, @FlightID = 662444, @DepartureID = 105196, @TicketID = 558458;
EXEC InsertTransaction @TransactionID = 420515, @TicketCost = 191.2, @PointCost = 0, @CustomerID = 187225, @UserCashBalance=0.00;
EXEC InsertTicket @TicketID = 426384, @StartCity = 'Cleveland', @EndCity  = 'Nashville', @TicketCost = 191.2, @DistanceMiles  = 1110, @TransactionID  = 420515, @CustomerID  = 187225;
EXEC UpdateFlights @CustomerID = 187225, @FlightID = 670419, @DepartureID = 875678, @TicketID = 426384;
EXEC InsertTransaction @TransactionID = 343220, @TicketCost = 118.36, @PointCost = 0, @CustomerID = 187225, @UserCashBalance=0.00;
EXEC InsertTicket @TicketID = 782012, @StartCity = 'Nashville', @EndCity  = 'Chicago', @TicketCost = 118.36, @DistanceMiles  = 503, @TransactionID  = 343220, @CustomerID  = 187225;
EXEC UpdateFlights @CustomerID = 187225, @FlightID = 880025, @DepartureID = 661646, @TicketID = 782012;
EXEC CancelTicket @TicketID = 782012, @TicketCost = 118.36, @PointCost = 0;
EXEC InsertTransaction @TransactionID = 643077, @TicketCost = 114.64, @PointCost = 0, @CustomerID = 189636, @UserCashBalance=0.00;
EXEC InsertTicket @TicketID = 250791, @StartCity = 'Chicago', @EndCity  = 'Cleveland', @TicketCost = 114.64, @DistanceMiles  = 472, @TransactionID  = 643077, @CustomerID  = 189636;
EXEC UpdateFlights @CustomerID = 189636, @FlightID = 950616, @DepartureID = 734302, @TicketID = 250791;
EXEC InsertTransaction @TransactionID = 895395, @TicketCost = 238.12, @PointCost = 0, @CustomerID = 149246, @UserCashBalance=0.00;
EXEC InsertTicket @TicketID = 947075, @StartCity = 'Seattle', @EndCity  = 'Omaha', @TicketCost = 238.12, @DistanceMiles  = 1501, @TransactionID  = 895395, @CustomerID  = 149246;
EXEC UpdateFlights @CustomerID = 149246, @FlightID = 879308, @DepartureID = 322008, @TicketID = 947075;
EXEC CancelTicket @TicketID = 947075, @TicketCost = 238.12, @PointCost = 0;
EXEC InsertTransaction @TransactionID = 517051, @TicketCost = 180.16, @PointCost = 0, @CustomerID = 189636, @UserCashBalance=0.00;
EXEC InsertTicket @TicketID = 606323, @StartCity = 'Omaha', @EndCity  = 'Cleveland', @TicketCost = 180.16, @DistanceMiles  = 1018, @TransactionID  = 517051, @CustomerID  = 189636;
EXEC UpdateFlights @CustomerID = 189636, @FlightID = 322053, @DepartureID = 546146, @TicketID = 606323;
EXEC CancelTicket @TicketID = 606323, @TicketCost = 180.16, @PointCost = 0;
EXEC InsertTransaction @TransactionID = 354291, @TicketCost = 133.96, @PointCost = 0, @CustomerID = 178688, @UserCashBalance=0.00;
EXEC InsertTicket @TicketID = 613200, @StartCity = 'Chicago', @EndCity  = 'Omaha', @TicketCost = 133.95999999999998, @DistanceMiles  = 633, @TransactionID  = 354291, @CustomerID  = 178688;
EXEC UpdateFlights @CustomerID = 178688, @FlightID = 326137, @DepartureID = 617416, @TicketID = 613200;
EXEC CancelTicket @TicketID = 613200, @TicketCost = 133.96, @PointCost = 0;
EXEC InsertTransaction @TransactionID = 307885, @TicketCost = 113.56, @PointCost = 0, @CustomerID = 178688, @UserCashBalance=133.96;
EXEC InsertTicket @TicketID = 919878, @StartCity = 'Cleveland', @EndCity  = 'New York', @TicketCost = 113.56, @DistanceMiles  = 463, @TransactionID  = 307885, @CustomerID  = 178688;
EXEC UpdateFlights @CustomerID = 178688, @FlightID = 953205, @DepartureID = 518997, @TicketID = 919878;
EXEC InsertTransaction @TransactionID = 881687, @TicketCost = 143.08, @PointCost = 0, @CustomerID = 127408, @UserCashBalance=0.00;
EXEC InsertTicket @TicketID = 292623, @StartCity = 'Detroit', @EndCity  = 'Nashville', @TicketCost = 143.08, @DistanceMiles  = 709, @TransactionID  = 881687, @CustomerID  = 127408;
EXEC UpdateFlights @CustomerID = 127408, @FlightID = 798337, @DepartureID = 993058, @TicketID = 292623;
EXEC InsertTransaction @TransactionID = 900534, @TicketCost = 226.72, @PointCost = 0, @CustomerID = 154393, @UserCashBalance=0.00;
EXEC InsertTicket @TicketID = 194270, @StartCity = 'Houston', @EndCity  = 'Los Angeles', @TicketCost = 226.72, @DistanceMiles  = 1406, @TransactionID  = 900534, @CustomerID  = 154393;
EXEC UpdateFlights @CustomerID = 154393, @FlightID = 671871, @DepartureID = 877946, @TicketID = 194270;
EXEC InsertTransaction @TransactionID = 527621, @TicketCost = 168.16, @PointCost = 0, @CustomerID = 127408, @UserCashBalance=0.00;
EXEC InsertTicket @TicketID = 608482, @StartCity = 'New York', @EndCity  = 'Chicago', @TicketCost = 168.16, @DistanceMiles  = 918, @TransactionID  = 527621, @CustomerID  = 127408;
EXEC UpdateFlights @CustomerID = 127408, @FlightID = 168286, @DepartureID = 309282, @TicketID = 608482;
EXEC CancelTicket @TicketID = 608482, @TicketCost = 168.16, @PointCost = 0;
EXEC InsertTransaction @TransactionID = 441385, @TicketCost = 128.08, @PointCost = 0, @CustomerID = 127408, @UserCashBalance=168.16;
EXEC InsertTicket @TicketID = 530764, @StartCity = 'Nashville', @EndCity  = 'Cleveland', @TicketCost = 128.07999999999998, @DistanceMiles  = 584, @TransactionID  = 441385, @CustomerID  = 127408;
EXEC UpdateFlights @CustomerID = 127408, @FlightID = 800267, @DepartureID = 865374, @TicketID = 530764;
EXEC CancelTicket @TicketID = 530764, @TicketCost = 128.08, @PointCost = 0;
EXEC InsertTransaction @TransactionID = 166229, @TicketCost = 191.2, @PointCost = 0, @CustomerID = 149246, @UserCashBalance=238.12;
EXEC InsertTicket @TicketID = 601665, @StartCity = 'Cleveland', @EndCity  = 'Nashville', @TicketCost = 191.2, @DistanceMiles  = 1110, @TransactionID  = 166229, @CustomerID  = 149246;
EXEC UpdateFlights @CustomerID = 149246, @FlightID = 670419, @DepartureID = 875678, @TicketID = 601665;
EXEC CancelTicket @TicketID = 601665, @TicketCost = 191.2, @PointCost = 0;
EXEC InsertTransaction @TransactionID = 657937, @TicketCost = 191.2, @PointCost = 0, @CustomerID = 178688, @UserCashBalance=20.40;
EXEC InsertTicket @TicketID = 380407, @StartCity = 'Orlando', @EndCity  = 'Cleveland', @TicketCost = 191.2, @DistanceMiles  = 1110, @TransactionID  = 657937, @CustomerID  = 178688;
EXEC UpdateFlights @CustomerID = 178688, @FlightID = 694128, @DepartureID = 886958, @TicketID = 380407;
EXEC InsertTransaction @TransactionID = 773271, @TicketCost = 118.36, @PointCost = 0, @CustomerID = 154393, @UserCashBalance=0.00;
EXEC InsertTicket @TicketID = 740657, @StartCity = 'Nashville', @EndCity  = 'Chicago', @TicketCost = 118.36, @DistanceMiles  = 503, @TransactionID  = 773271, @CustomerID  = 154393;
EXEC UpdateFlights @CustomerID = 154393, @FlightID = 880025, @DepartureID = 661646, @TicketID = 740657;
EXEC InsertTransaction @TransactionID = 568843, @TicketCost = 238.12, @PointCost = 0, @CustomerID = 178688, @UserCashBalance=0.00;
EXEC InsertTicket @TicketID = 788479, @StartCity = 'Seattle', @EndCity  = 'Omaha', @TicketCost = 238.12, @DistanceMiles  = 1501, @TransactionID  = 568843, @CustomerID  = 178688;
EXEC UpdateFlights @CustomerID = 178688, @FlightID = 879308, @DepartureID = 322008, @TicketID = 788479;
EXEC InsertTransaction @TransactionID = 412663, @TicketCost = 180.16, @PointCost = 0, @CustomerID = 189636, @UserCashBalance=180.16;
EXEC InsertTicket @TicketID = 381368, @StartCity = 'Omaha', @EndCity  = 'Cleveland', @TicketCost = 180.16, @DistanceMiles  = 1018, @TransactionID  = 412663, @CustomerID  = 189636;
EXEC UpdateFlights @CustomerID = 189636, @FlightID = 322053, @DepartureID = 546146, @TicketID = 381368;
EXEC InsertTransaction @TransactionID = 955217, @TicketCost = 133.96, @PointCost = 0, @CustomerID = 139716, @UserCashBalance=104.16;
EXEC InsertTicket @TicketID = 815702, @StartCity = 'Chicago', @EndCity  = 'Omaha', @TicketCost = 133.95999999999998, @DistanceMiles  = 633, @TransactionID  = 955217, @CustomerID  = 139716;
EXEC UpdateFlights @CustomerID = 139716, @FlightID = 326137, @DepartureID = 617416, @TicketID = 815702;
EXEC CancelTicket @TicketID = 815702, @TicketCost = 133.96, @PointCost = 0;
EXEC InsertTransaction @TransactionID = 378590, @TicketCost = 113.56, @PointCost = 0, @CustomerID = 139716, @UserCashBalance=133.96;
EXEC InsertTicket @TicketID = 696317, @StartCity = 'Cleveland', @EndCity  = 'New York', @TicketCost = 113.56, @DistanceMiles  = 463, @TransactionID  = 378590, @CustomerID  = 139716;
EXEC UpdateFlights @CustomerID = 139716, @FlightID = 953205, @DepartureID = 518997, @TicketID = 696317;
EXEC InsertTransaction @TransactionID = 508410, @TicketCost = 143.08, @PointCost = 0, @CustomerID = 154393, @UserCashBalance=0.00;
EXEC InsertTicket @TicketID = 287844, @StartCity = 'Detroit', @EndCity  = 'Nashville', @TicketCost = 143.08, @DistanceMiles  = 709, @TransactionID  = 508410, @CustomerID  = 154393;
EXEC UpdateFlights @CustomerID = 154393, @FlightID = 798337, @DepartureID = 993058, @TicketID = 287844;
EXEC InsertTransaction @TransactionID = 491165, @TicketCost = 92.852, @PointCost = 0, @CustomerID = 154393, @UserCashBalance=0.00;
EXEC InsertTicket @TicketID = 667873, @StartCity = 'Cleveland', @EndCity  = 'Detroit', @TicketCost = 92.852, @DistanceMiles  = 369, @TransactionID  = 491165, @CustomerID  = 154393;
EXEC UpdateFlights @CustomerID = 154393, @FlightID = 350661, @DepartureID = 302705, @TicketID = 667873;
EXEC InsertTransaction @TransactionID = 431168, @TicketCost = 226.72, @PointCost = 0, @CustomerID = 138645, @UserCashBalance=238.12;
EXEC InsertTicket @TicketID = 963892, @StartCity = 'Houston', @EndCity  = 'Los Angeles', @TicketCost = 226.72, @DistanceMiles  = 1406, @TransactionID  = 431168, @CustomerID  = 138645;
EXEC UpdateFlights @CustomerID = 138645, @FlightID = 671871, @DepartureID = 877946, @TicketID = 963892;
EXEC CancelTicket @TicketID = 963892, @TicketCost = 226.72, @PointCost = 0;
EXEC InsertTransaction @TransactionID = 345938, @TicketCost = 128.08, @PointCost = 0, @CustomerID = 139716, @UserCashBalance=20.40;
EXEC InsertTicket @TicketID = 358506, @StartCity = 'Nashville', @EndCity  = 'Cleveland', @TicketCost = 128.07999999999998, @DistanceMiles  = 584, @TransactionID  = 345938, @CustomerID  = 139716;
EXEC UpdateFlights @CustomerID = 139716, @FlightID = 800267, @DepartureID = 865374, @TicketID = 358506;
EXEC InsertTransaction @TransactionID = 129078, @TicketCost = 128.08, @PointCost = 0, @CustomerID = 139716, @UserCashBalance=0.00;
EXEC InsertTicket @TicketID = 265325, @StartCity = 'Cleveland', @EndCity  = 'Nashville', @TicketCost = 128.07999999999998, @DistanceMiles  = 584, @TransactionID  = 129078, @CustomerID  = 139716;
EXEC UpdateFlights @CustomerID = 139716, @FlightID = 446096, @DepartureID = 750186, @TicketID = 265325;
EXEC CancelTicket @TicketID = 265325, @TicketCost = 128.08, @PointCost = 0;
EXEC InsertTransaction @TransactionID = 639005, @TicketCost = 191.2, @PointCost = 0, @CustomerID = 139716, @UserCashBalance=128.08;
EXEC InsertTicket @TicketID = 573314, @StartCity = 'Cleveland', @EndCity  = 'Nashville', @TicketCost = 191.2, @DistanceMiles  = 1110, @TransactionID  = 639005, @CustomerID  = 139716;
EXEC UpdateFlights @CustomerID = 139716, @FlightID = 670419, @DepartureID = 875678, @TicketID = 573314;
EXEC InsertTransaction @TransactionID = 586055, @TicketCost = 118.36, @PointCost = 0, @CustomerID = 187225, @UserCashBalance=118.36;
EXEC InsertTicket @TicketID = 515503, @StartCity = 'Chicago', @EndCity  = 'Nashville', @TicketCost = 118.36, @DistanceMiles  = 503, @TransactionID  = 586055, @CustomerID  = 187225;
EXEC UpdateFlights @CustomerID = 187225, @FlightID = 325950, @DepartureID = 555442, @TicketID = 515503;
EXEC CancelTicket @TicketID = 515503, @TicketCost = 118.36, @PointCost = 0;
EXEC InsertTransaction @TransactionID = 364090, @TicketCost = 114.64, @PointCost = 0, @CustomerID = 187225, @UserCashBalance=118.36;
EXEC InsertTicket @TicketID = 707644, @StartCity = 'Chicago', @EndCity  = 'Cleveland', @TicketCost = 114.64, @DistanceMiles  = 472, @TransactionID  = 364090, @CustomerID  = 187225;
EXEC UpdateFlights @CustomerID = 187225, @FlightID = 950616, @DepartureID = 734302, @TicketID = 707644;
EXEC InsertTransaction @TransactionID = 617675, @TicketCost = 238.12, @PointCost = 0, @CustomerID = 187225, @UserCashBalance=3.72;
EXEC InsertTicket @TicketID = 137909, @StartCity = 'Seattle', @EndCity  = 'Omaha', @TicketCost = 238.12, @DistanceMiles  = 1501, @TransactionID  = 617675, @CustomerID  = 187225;
EXEC UpdateFlights @CustomerID = 187225, @FlightID = 879308, @DepartureID = 322008, @TicketID = 137909;
EXEC InsertTransaction @TransactionID = 171857, @TicketCost = 238.12, @PointCost = 0, @CustomerID = 149246, @UserCashBalance=238.12;
EXEC InsertTicket @TicketID = 904572, @StartCity = 'Omaha', @EndCity  = 'Seattle', @TicketCost = 238.12, @DistanceMiles  = 1501, @TransactionID  = 171857, @CustomerID  = 149246;
EXEC UpdateFlights @CustomerID = 149246, @FlightID = 362910, @DepartureID = 859921, @TicketID = 904572;
EXEC InsertTransaction @TransactionID = 817786, @TicketCost = 180.16, @PointCost = 0, @CustomerID = 149246, @UserCashBalance=0.00;
EXEC InsertTicket @TicketID = 107237, @StartCity = 'Omaha', @EndCity  = 'Cleveland', @TicketCost = 180.16, @DistanceMiles  = 1018, @TransactionID  = 817786, @CustomerID  = 149246;
EXEC UpdateFlights @CustomerID = 149246, @FlightID = 322053, @DepartureID = 546146, @TicketID = 107237;
EXEC InsertTransaction @TransactionID = 988871, @TicketCost = 133.96, @PointCost = 0, @CustomerID = 139716, @UserCashBalance=0.00;
EXEC InsertTicket @TicketID = 564223, @StartCity = 'Omaha', @EndCity  = 'Chicago', @TicketCost = 133.95999999999998, @DistanceMiles  = 633, @TransactionID  = 988871, @CustomerID  = 139716;
EXEC UpdateFlights @CustomerID = 139716, @FlightID = 236198, @DepartureID = 891273, @TicketID = 564223;
EXEC CancelTicket @TicketID = 564223, @TicketCost = 133.96, @PointCost = 0;
EXEC InsertTransaction @TransactionID = 121202, @TicketCost = 133.96, @PointCost = 0, @CustomerID = 189636, @UserCashBalance=0.00;
EXEC InsertTicket @TicketID = 526253, @StartCity = 'Chicago', @EndCity  = 'Omaha', @TicketCost = 133.95999999999998, @DistanceMiles  = 633, @TransactionID  = 121202, @CustomerID  = 189636;
EXEC UpdateFlights @CustomerID = 189636, @FlightID = 326137, @DepartureID = 617416, @TicketID = 526253;
EXEC InsertTransaction @TransactionID = 235809, @TicketCost = 113.56, @PointCost = 0, @CustomerID = 127408, @UserCashBalance=168.16;
EXEC InsertTicket @TicketID = 500440, @StartCity = 'Cleveland', @EndCity  = 'New York', @TicketCost = 113.56, @DistanceMiles  = 463, @TransactionID  = 235809, @CustomerID  = 127408;
EXEC UpdateFlights @CustomerID = 127408, @FlightID = 953205, @DepartureID = 518997, @TicketID = 500440;
EXEC CancelTicket @TicketID = 500440, @TicketCost = 113.56, @PointCost = 0;
EXEC InsertTransaction @TransactionID = 876261, @TicketCost = 113.56, @PointCost = 0, @CustomerID = 178688, @UserCashBalance=0.00;
EXEC InsertTicket @TicketID = 428307, @StartCity = 'New York', @EndCity  = 'Cleveland', @TicketCost = 113.56, @DistanceMiles  = 463, @TransactionID  = 876261, @CustomerID  = 178688;
EXEC UpdateFlights @CustomerID = 178688, @FlightID = 484746, @DepartureID = 868096, @TicketID = 428307;
EXEC InsertTransaction @TransactionID = 256336, @TicketCost = 143.08, @PointCost = 0, @CustomerID = 187225, @UserCashBalance=0.00;
EXEC InsertTicket @TicketID = 435523, @StartCity = 'Nashville', @EndCity  = 'Detroit', @TicketCost = 143.08, @DistanceMiles  = 709, @TransactionID  = 256336, @CustomerID  = 187225;
EXEC UpdateFlights @CustomerID = 187225, @FlightID = 965725, @DepartureID = 648540, @TicketID = 435523;
EXEC InsertTransaction @TransactionID = 631491, @TicketCost = 168.16, @PointCost = 0, @CustomerID = 127408, @UserCashBalance=168.16;
EXEC InsertTicket @TicketID = 667071, @StartCity = 'New York', @EndCity  = 'Chicago', @TicketCost = 168.16, @DistanceMiles  = 918, @TransactionID  = 631491, @CustomerID  = 127408;
EXEC UpdateFlights @CustomerID = 127408, @FlightID = 168286, @DepartureID = 309282, @TicketID = 667071;
EXEC InsertTransaction @TransactionID = 645719, @TicketCost = 116.08, @PointCost = 0, @CustomerID = 189636, @UserCashBalance=0.00;
EXEC InsertTicket @TicketID = 666326, @StartCity = 'Newark', @EndCity  = 'Cleveland', @TicketCost = 116.08, @DistanceMiles  = 484, @TransactionID  = 645719, @CustomerID  = 189636;
EXEC UpdateFlights @CustomerID = 189636, @FlightID = 662444, @DepartureID = 105196, @TicketID = 666326;
EXEC InsertTransaction @TransactionID = 229354, @TicketCost = 191.2, @PointCost = 0, @CustomerID = 178688, @UserCashBalance=0.00;
EXEC InsertTicket @TicketID = 189515, @StartCity = 'Cleveland', @EndCity  = 'Nashville', @TicketCost = 191.2, @DistanceMiles  = 1110, @TransactionID  = 229354, @CustomerID  = 178688;
EXEC UpdateFlights @CustomerID = 178688, @FlightID = 670419, @DepartureID = 875678, @TicketID = 189515;
EXEC InsertTransaction @TransactionID = 201928, @TicketCost = 118.36, @PointCost = 0, @CustomerID = 149246, @UserCashBalance=0.00;
EXEC InsertTicket @TicketID = 976611, @StartCity = 'Nashville', @EndCity  = 'Chicago', @TicketCost = 118.36, @DistanceMiles  = 503, @TransactionID  = 201928, @CustomerID  = 149246;
EXEC UpdateFlights @CustomerID = 149246, @FlightID = 880025, @DepartureID = 661646, @TicketID = 976611;
EXEC InsertTransaction @TransactionID = 686146, @TicketCost = 114.64, @PointCost = 0, @CustomerID = 139716, @UserCashBalance=133.96;
EXEC InsertTicket @TicketID = 495830, @StartCity = 'Cleveland', @EndCity  = 'Chicago', @TicketCost = 114.64, @DistanceMiles  = 472, @TransactionID  = 686146, @CustomerID  = 139716;
EXEC UpdateFlights @CustomerID = 139716, @FlightID = 653412, @DepartureID = 857770, @TicketID = 495830;
EXEC InsertTransaction @TransactionID = 937145, @TicketCost = 194.32, @PointCost = 0, @CustomerID = 187225, @UserCashBalance=0.00;
EXEC InsertTicket @TicketID = 685002, @StartCity = 'Los Angeles', @EndCity  = 'Seattle', @TicketCost = 194.32, @DistanceMiles  = 1136, @TransactionID  = 937145, @CustomerID  = 187225;
EXEC UpdateFlights @CustomerID = 187225, @FlightID = 946049, @DepartureID = 613869, @TicketID = 685002;
EXEC InsertTransaction @TransactionID = 315098, @TicketCost = 238.12, @PointCost = 0, @CustomerID = 178688, @UserCashBalance=0.00;
EXEC InsertTicket @TicketID = 646425, @StartCity = 'Seattle', @EndCity  = 'Omaha', @TicketCost = 238.12, @DistanceMiles  = 1501, @TransactionID  = 315098, @CustomerID  = 178688;
EXEC UpdateFlights @CustomerID = 178688, @FlightID = 879308, @DepartureID = 322008, @TicketID = 646425;
EXEC InsertTransaction @TransactionID = 550121, @TicketCost = 238.12, @PointCost = 0, @CustomerID = 187225, @UserCashBalance=0.00;
EXEC InsertTicket @TicketID = 686138, @StartCity = 'Omaha', @EndCity  = 'Seattle', @TicketCost = 238.12, @DistanceMiles  = 1501, @TransactionID  = 550121, @CustomerID  = 187225;
EXEC UpdateFlights @CustomerID = 187225, @FlightID = 362910, @DepartureID = 859921, @TicketID = 686138;
EXEC InsertTransaction @TransactionID = 886845, @TicketCost = 133.96, @PointCost = 0, @CustomerID = 138645, @UserCashBalance=238.12;
EXEC InsertTicket @TicketID = 427701, @StartCity = 'Omaha', @EndCity  = 'Chicago', @TicketCost = 133.95999999999998, @DistanceMiles  = 633, @TransactionID  = 886845, @CustomerID  = 138645;
EXEC UpdateFlights @CustomerID = 138645, @FlightID = 236198, @DepartureID = 891273, @TicketID = 427701;
EXEC CancelTicket @TicketID = 427701, @TicketCost = 133.96, @PointCost = 0;
EXEC InsertTransaction @TransactionID = 325003, @TicketCost = 143.08, @PointCost = 0, @CustomerID = 127408, @UserCashBalance=0.00;
EXEC InsertTicket @TicketID = 430812, @StartCity = 'Nashville', @EndCity  = 'Detroit', @TicketCost = 143.08, @DistanceMiles  = 709, @TransactionID  = 325003, @CustomerID  = 127408;
EXEC UpdateFlights @CustomerID = 127408, @FlightID = 965725, @DepartureID = 648540, @TicketID = 430812;
EXEC CancelTicket @TicketID = 430812, @TicketCost = 143.08, @PointCost = 0;
EXEC InsertTransaction @TransactionID = 231408, @TicketCost = 92.852, @PointCost = 0, @CustomerID = 138645, @UserCashBalance=238.12;
EXEC InsertTicket @TicketID = 297805, @StartCity = 'Cleveland', @EndCity  = 'Detroit', @TicketCost = 92.852, @DistanceMiles  = 369, @TransactionID  = 231408, @CustomerID  = 138645;
EXEC UpdateFlights @CustomerID = 138645, @FlightID = 350661, @DepartureID = 302705, @TicketID = 297805;
EXEC CancelTicket @TicketID = 297805, @TicketCost = 92.852, @PointCost = 0;
EXEC InsertTransaction @TransactionID = 632710, @TicketCost = 226.72, @PointCost = 0, @CustomerID = 189636, @UserCashBalance=0.00;
EXEC InsertTicket @TicketID = 746406, @StartCity = 'Houston', @EndCity  = 'Los Angeles', @TicketCost = 226.72, @DistanceMiles  = 1406, @TransactionID  = 632710, @CustomerID  = 189636;
EXEC UpdateFlights @CustomerID = 189636, @FlightID = 671871, @DepartureID = 877946, @TicketID = 746406;
EXEC InsertTransaction @TransactionID = 685453, @TicketCost = 128.08, @PointCost = 0, @CustomerID = 149246, @UserCashBalance=0.00;
EXEC InsertTicket @TicketID = 879706, @StartCity = 'Nashville', @EndCity  = 'Cleveland', @TicketCost = 128.07999999999998, @DistanceMiles  = 584, @TransactionID  = 685453, @CustomerID  = 149246;
EXEC UpdateFlights @CustomerID = 149246, @FlightID = 800267, @DepartureID = 865374, @TicketID = 879706;
EXEC CancelTicket @TicketID = 879706, @TicketCost = 128.08, @PointCost = 0;
EXEC InsertTransaction @TransactionID = 450824, @TicketCost = 128.08, @PointCost = 0, @CustomerID = 138645, @UserCashBalance=238.12;
EXEC InsertTicket @TicketID = 678443, @StartCity = 'Cleveland', @EndCity  = 'Nashville', @TicketCost = 128.07999999999998, @DistanceMiles  = 584, @TransactionID  = 450824, @CustomerID  = 138645;
EXEC UpdateFlights @CustomerID = 138645, @FlightID = 446096, @DepartureID = 750186, @TicketID = 678443;
EXEC InsertTransaction @TransactionID = 697304, @TicketCost = 116.08, @PointCost = 0, @CustomerID = 189636, @UserCashBalance=0.00;
EXEC InsertTicket @TicketID = 673050, @StartCity = 'Newark', @EndCity  = 'Cleveland', @TicketCost = 116.08, @DistanceMiles  = 484, @TransactionID  = 697304, @CustomerID  = 189636;
EXEC UpdateFlights @CustomerID = 189636, @FlightID = 662444, @DepartureID = 105196, @TicketID = 673050;
EXEC InsertTransaction @TransactionID = 447557, @TicketCost = 191.2, @PointCost = 0, @CustomerID = 149246, @UserCashBalance=128.08;
EXEC InsertTicket @TicketID = 321043, @StartCity = 'Cleveland', @EndCity  = 'Nashville', @TicketCost = 191.2, @DistanceMiles  = 1110, @TransactionID  = 447557, @CustomerID  = 149246;
EXEC UpdateFlights @CustomerID = 149246, @FlightID = 670419, @DepartureID = 875678, @TicketID = 321043;
EXEC CancelTicket @TicketID = 321043, @TicketCost = 191.2, @PointCost = 0;
EXEC InsertTransaction @TransactionID = 145360, @TicketCost = 191.2, @PointCost = 0, @CustomerID = 139716, @UserCashBalance=19.32;
EXEC InsertTicket @TicketID = 946557, @StartCity = 'Orlando', @EndCity  = 'Cleveland', @TicketCost = 191.2, @DistanceMiles  = 1110, @TransactionID  = 145360, @CustomerID  = 139716;
EXEC UpdateFlights @CustomerID = 139716, @FlightID = 694128, @DepartureID = 886958, @TicketID = 946557;
EXEC InsertTransaction @TransactionID = 813882, @TicketCost = 118.36, @PointCost = 0, @CustomerID = 154393, @UserCashBalance=0.00;
EXEC InsertTicket @TicketID = 648429, @StartCity = 'Nashville', @EndCity  = 'Chicago', @TicketCost = 118.36, @DistanceMiles  = 503, @TransactionID  = 813882, @CustomerID  = 154393;
EXEC UpdateFlights @CustomerID = 154393, @FlightID = 880025, @DepartureID = 661646, @TicketID = 648429;
EXEC InsertTransaction @TransactionID = 390109, @TicketCost = 133.96, @PointCost = 0, @CustomerID = 149246, @UserCashBalance=191.20;
EXEC InsertTicket @TicketID = 734677, @StartCity = 'Omaha', @EndCity  = 'Chicago', @TicketCost = 133.95999999999998, @DistanceMiles  = 633, @TransactionID  = 390109, @CustomerID  = 149246;
EXEC UpdateFlights @CustomerID = 149246, @FlightID = 236198, @DepartureID = 891273, @TicketID = 734677;
EXEC InsertTransaction @TransactionID = 636946, @TicketCost = 133.96, @PointCost = 0, @CustomerID = 127408, @UserCashBalance=143.08;
EXEC InsertTicket @TicketID = 104058, @StartCity = 'Chicago', @EndCity  = 'Omaha', @TicketCost = 133.95999999999998, @DistanceMiles  = 633, @TransactionID  = 636946, @CustomerID  = 127408;
EXEC UpdateFlights @CustomerID = 127408, @FlightID = 326137, @DepartureID = 617416, @TicketID = 104058;
EXEC InsertTransaction @TransactionID = 706086, @TicketCost = 143.08, @PointCost = 0, @CustomerID = 127408, @UserCashBalance=9.12;
EXEC InsertTicket @TicketID = 113795, @StartCity = 'Nashville', @EndCity  = 'Detroit', @TicketCost = 143.08, @DistanceMiles  = 709, @TransactionID  = 706086, @CustomerID  = 127408;
EXEC UpdateFlights @CustomerID = 127408, @FlightID = 965725, @DepartureID = 648540, @TicketID = 113795;
EXEC InsertTransaction @TransactionID = 609043, @TicketCost = 168.16, @PointCost = 0, @CustomerID = 139716, @UserCashBalance=0.00;
EXEC InsertTicket @TicketID = 966685, @StartCity = 'Chicago', @EndCity  = 'New York', @TicketCost = 168.16, @DistanceMiles  = 918, @TransactionID  = 609043, @CustomerID  = 139716;
EXEC UpdateFlights @CustomerID = 139716, @FlightID = 764454, @DepartureID = 231807, @TicketID = 966685;
EXEC InsertTransaction @TransactionID = 854806, @TicketCost = 168.16, @PointCost = 0, @CustomerID = 187225, @UserCashBalance=0.00;
EXEC InsertTicket @TicketID = 628356, @StartCity = 'New York', @EndCity  = 'Chicago', @TicketCost = 168.16, @DistanceMiles  = 918, @TransactionID  = 854806, @CustomerID  = 187225;
EXEC UpdateFlights @CustomerID = 187225, @FlightID = 168286, @DepartureID = 309282, @TicketID = 628356;
EXEC InsertTransaction @TransactionID = 231588, @TicketCost = 128.08, @PointCost = 0, @CustomerID = 149246, @UserCashBalance=57.24;
EXEC InsertTicket @TicketID = 659258, @StartCity = 'Nashville', @EndCity  = 'Cleveland', @TicketCost = 128.07999999999998, @DistanceMiles  = 584, @TransactionID  = 231588, @CustomerID  = 149246;
EXEC UpdateFlights @CustomerID = 149246, @FlightID = 800267, @DepartureID = 865374, @TicketID = 659258;
EXEC CancelTicket @TicketID = 659258, @TicketCost = 128.08, @PointCost = 0;
EXEC InsertTransaction @TransactionID = 380669, @TicketCost = 128.08, @PointCost = 0, @CustomerID = 127408, @UserCashBalance=0.00;
EXEC InsertTicket @TicketID = 239881, @StartCity = 'Cleveland', @EndCity  = 'Nashville', @TicketCost = 128.07999999999998, @DistanceMiles  = 584, @TransactionID  = 380669, @CustomerID  = 127408;
EXEC UpdateFlights @CustomerID = 127408, @FlightID = 446096, @DepartureID = 750186, @TicketID = 239881;
EXEC InsertTransaction @TransactionID = 928700, @TicketCost = 116.08, @PointCost = 0, @CustomerID = 178688, @UserCashBalance=0.00;
EXEC InsertTicket @TicketID = 460164, @StartCity = 'Cleveland', @EndCity  = 'Newark', @TicketCost = 116.08, @DistanceMiles  = 484, @TransactionID  = 928700, @CustomerID  = 178688;
EXEC UpdateFlights @CustomerID = 178688, @FlightID = 494596, @DepartureID = 946774, @TicketID = 460164;
EXEC CancelTicket @TicketID = 460164, @TicketCost = 116.08, @PointCost = 0;
EXEC InsertTransaction @TransactionID = 229539, @TicketCost = 116.08, @PointCost = 0, @CustomerID = 187225, @UserCashBalance=0.00;
EXEC InsertTicket @TicketID = 685232, @StartCity = 'Newark', @EndCity  = 'Cleveland', @TicketCost = 116.08, @DistanceMiles  = 484, @TransactionID  = 229539, @CustomerID  = 187225;
EXEC UpdateFlights @CustomerID = 187225, @FlightID = 662444, @DepartureID = 105196, @TicketID = 685232;
EXEC InsertTransaction @TransactionID = 958504, @TicketCost = 191.2, @PointCost = 0, @CustomerID = 127408, @UserCashBalance=0.00;
EXEC InsertTicket @TicketID = 970270, @StartCity = 'Orlando', @EndCity  = 'Cleveland', @TicketCost = 191.2, @DistanceMiles  = 1110, @TransactionID  = 958504, @CustomerID  = 127408;
EXEC UpdateFlights @CustomerID = 127408, @FlightID = 694128, @DepartureID = 886958, @TicketID = 970270;
EXEC InsertTransaction @TransactionID = 720368, @TicketCost = 118.36, @PointCost = 0, @CustomerID = 154393, @UserCashBalance=0.00;
EXEC InsertTicket @TicketID = 615995, @StartCity = 'Chicago', @EndCity  = 'Nashville', @TicketCost = 118.36, @DistanceMiles  = 503, @TransactionID  = 720368, @CustomerID  = 154393;
EXEC UpdateFlights @CustomerID = 154393, @FlightID = 325950, @DepartureID = 555442, @TicketID = 615995;
EXEC InsertTransaction @TransactionID = 125172, @TicketCost = 238.12, @PointCost = 0, @CustomerID = 149246, @UserCashBalance=128.08;
EXEC InsertTicket @TicketID = 678537, @StartCity = 'Seattle', @EndCity  = 'Omaha', @TicketCost = 238.12, @DistanceMiles  = 1501, @TransactionID  = 125172, @CustomerID  = 149246;
EXEC UpdateFlights @CustomerID = 149246, @FlightID = 879308, @DepartureID = 322008, @TicketID = 678537;
EXEC CancelTicket @TicketID = 678537, @TicketCost = 238.12, @PointCost = 0;
EXEC InsertTransaction @TransactionID = 280948, @TicketCost = 113.56, @PointCost = 0, @CustomerID = 187225, @UserCashBalance=0.00;
EXEC InsertTicket @TicketID = 605580, @StartCity = 'New York', @EndCity  = 'Cleveland', @TicketCost = 113.56, @DistanceMiles  = 463, @TransactionID  = 280948, @CustomerID  = 187225;
EXEC UpdateFlights @CustomerID = 187225, @FlightID = 484746, @DepartureID = 868096, @TicketID = 605580;
EXEC InsertTransaction @TransactionID = 332750, @TicketCost = 143.08, @PointCost = 0, @CustomerID = 149246, @UserCashBalance=238.12;
EXEC InsertTicket @TicketID = 323797, @StartCity = 'Nashville', @EndCity  = 'Detroit', @TicketCost = 143.08, @DistanceMiles  = 709, @TransactionID  = 332750, @CustomerID  = 149246;
EXEC UpdateFlights @CustomerID = 149246, @FlightID = 965725, @DepartureID = 648540, @TicketID = 323797;
EXEC InsertTransaction @TransactionID = 116134, @TicketCost = 143.08, @PointCost = 0, @CustomerID = 178688, @UserCashBalance=116.08;
EXEC InsertTicket @TicketID = 121227, @StartCity = 'Detroit', @EndCity  = 'Nashville', @TicketCost = 143.08, @DistanceMiles  = 709, @TransactionID  = 116134, @CustomerID  = 178688;
EXEC UpdateFlights @CustomerID = 178688, @FlightID = 798337, @DepartureID = 993058, @TicketID = 121227;
EXEC CancelTicket @TicketID = 121227, @TicketCost = 143.08, @PointCost = 0;
EXEC InsertTransaction @TransactionID = 773676, @TicketCost = 226.72, @PointCost = 0, @CustomerID = 139716, @UserCashBalance=0.00;
EXEC InsertTicket @TicketID = 983737, @StartCity = 'Houston', @EndCity  = 'Los Angeles', @TicketCost = 226.72, @DistanceMiles  = 1406, @TransactionID  = 773676, @CustomerID  = 139716;
EXEC UpdateFlights @CustomerID = 139716, @FlightID = 671871, @DepartureID = 877946, @TicketID = 983737;
EXEC InsertTransaction @TransactionID = 395782, @TicketCost = 168.16, @PointCost = 0, @CustomerID = 178688, @UserCashBalance=143.08;
EXEC InsertTicket @TicketID = 435568, @StartCity = 'Chicago', @EndCity  = 'New York', @TicketCost = 168.16, @DistanceMiles  = 918, @TransactionID  = 395782, @CustomerID  = 178688;
EXEC UpdateFlights @CustomerID = 178688, @FlightID = 764454, @DepartureID = 231807, @TicketID = 435568;
EXEC InsertTransaction @TransactionID = 340051, @TicketCost = 128.08, @PointCost = 0, @CustomerID = 127408, @UserCashBalance=0.00;
EXEC InsertTicket @TicketID = 222182, @StartCity = 'Nashville', @EndCity  = 'Cleveland', @TicketCost = 128.07999999999998, @DistanceMiles  = 584, @TransactionID  = 340051, @CustomerID  = 127408;
EXEC UpdateFlights @CustomerID = 127408, @FlightID = 800267, @DepartureID = 865374, @TicketID = 222182;
EXEC InsertTransaction @TransactionID = 724184, @TicketCost = 128.08, @PointCost = 0, @CustomerID = 187225, @UserCashBalance=0.00;
EXEC InsertTicket @TicketID = 820756, @StartCity = 'Cleveland', @EndCity  = 'Nashville', @TicketCost = 128.07999999999998, @DistanceMiles  = 584, @TransactionID  = 724184, @CustomerID  = 187225;
EXEC UpdateFlights @CustomerID = 187225, @FlightID = 446096, @DepartureID = 750186, @TicketID = 820756;
EXEC InsertTransaction @TransactionID = 940041, @TicketCost = 191.2, @PointCost = 0, @CustomerID = 127408, @UserCashBalance=0.00;
EXEC InsertTicket @TicketID = 291213, @StartCity = 'Cleveland', @EndCity  = 'Nashville', @TicketCost = 191.2, @DistanceMiles  = 1110, @TransactionID  = 940041, @CustomerID  = 127408;
EXEC UpdateFlights @CustomerID = 127408, @FlightID = 670419, @DepartureID = 875678, @TicketID = 291213;
EXEC InsertTransaction @TransactionID = 860422, @TicketCost = 118.36, @PointCost = 0, @CustomerID = 189636, @UserCashBalance=0.00;
EXEC InsertTicket @TicketID = 389957, @StartCity = 'Chicago', @EndCity  = 'Nashville', @TicketCost = 118.36, @DistanceMiles  = 503, @TransactionID  = 860422, @CustomerID  = 189636;
EXEC UpdateFlights @CustomerID = 189636, @FlightID = 325950, @DepartureID = 555442, @TicketID = 389957;
EXEC InsertTransaction @TransactionID = 221925, @TicketCost = 114.64, @PointCost = 0, @CustomerID = 138645, @UserCashBalance=110.04;
EXEC InsertTicket @TicketID = 215546, @StartCity = 'Chicago', @EndCity  = 'Cleveland', @TicketCost = 114.64, @DistanceMiles  = 472, @TransactionID  = 221925, @CustomerID  = 138645;
EXEC UpdateFlights @CustomerID = 138645, @FlightID = 950616, @DepartureID = 734302, @TicketID = 215546;
EXEC InsertTransaction @TransactionID = 789129, @TicketCost = 194.32, @PointCost = 0, @CustomerID = 154393, @UserCashBalance=0.00;
EXEC InsertTicket @TicketID = 767585, @StartCity = 'Los Angeles', @EndCity  = 'Seattle', @TicketCost = 194.32, @DistanceMiles  = 1136, @TransactionID  = 789129, @CustomerID  = 154393;
EXEC UpdateFlights @CustomerID = 154393, @FlightID = 946049, @DepartureID = 613869, @TicketID = 767585;
EXEC InsertTransaction @TransactionID = 580820, @TicketCost = 113.56, @PointCost = 0, @CustomerID = 187225, @UserCashBalance=0.00;
EXEC InsertTicket @TicketID = 208082, @StartCity = 'Cleveland', @EndCity  = 'New York', @TicketCost = 113.56, @DistanceMiles  = 463, @TransactionID  = 580820, @CustomerID  = 187225;
EXEC UpdateFlights @CustomerID = 187225, @FlightID = 953205, @DepartureID = 518997, @TicketID = 208082;
EXEC CancelTicket @TicketID = 208082, @TicketCost = 113.56, @PointCost = 0;
EXEC InsertTransaction @TransactionID = 349060, @TicketCost = 113.56, @PointCost = 0, @CustomerID = 154393, @UserCashBalance=0.00;
EXEC InsertTicket @TicketID = 554989, @StartCity = 'New York', @EndCity  = 'Cleveland', @TicketCost = 113.56, @DistanceMiles  = 463, @TransactionID  = 349060, @CustomerID  = 154393;
EXEC UpdateFlights @CustomerID = 154393, @FlightID = 484746, @DepartureID = 868096, @TicketID = 554989;
EXEC InsertTransaction @TransactionID = 403390, @TicketCost = 128.08, @PointCost = 0, @CustomerID = 178688, @UserCashBalance=0.00;
EXEC InsertTicket @TicketID = 362078, @StartCity = 'Nashville', @EndCity  = 'Cleveland', @TicketCost = 128.07999999999998, @DistanceMiles  = 584, @TransactionID  = 403390, @CustomerID  = 178688;
EXEC UpdateFlights @CustomerID = 178688, @FlightID = 800267, @DepartureID = 865374, @TicketID = 362078;
EXEC InsertTransaction @TransactionID = 959767, @TicketCost = 191.2, @PointCost = 0, @CustomerID = 187225, @UserCashBalance=113.56;
EXEC InsertTicket @TicketID = 292774, @StartCity = 'Cleveland', @EndCity  = 'Nashville', @TicketCost = 191.2, @DistanceMiles  = 1110, @TransactionID  = 959767, @CustomerID  = 187225;
EXEC UpdateFlights @CustomerID = 187225, @FlightID = 670419, @DepartureID = 875678, @TicketID = 292774;
EXEC InsertTransaction @TransactionID = 461392, @TicketCost = 194.32, @PointCost = 0, @CustomerID = 139716, @UserCashBalance=0.00;
EXEC InsertTicket @TicketID = 422582, @StartCity = 'Los Angeles', @EndCity  = 'Seattle', @TicketCost = 194.32, @DistanceMiles  = 1136, @TransactionID  = 461392, @CustomerID  = 139716;
EXEC UpdateFlights @CustomerID = 139716, @FlightID = 946049, @DepartureID = 613869, @TicketID = 422582;
EXEC InsertTransaction @TransactionID = 797384, @TicketCost = 180.16, @PointCost = 0, @CustomerID = 187225, @UserCashBalance=0.00;
EXEC InsertTicket @TicketID = 394920, @StartCity = 'Omaha', @EndCity  = 'Cleveland', @TicketCost = 180.16, @DistanceMiles  = 1018, @TransactionID  = 797384, @CustomerID  = 187225;
EXEC UpdateFlights @CustomerID = 187225, @FlightID = 322053, @DepartureID = 546146, @TicketID = 394920;
EXEC InsertTransaction @TransactionID = 440229, @TicketCost = 143.08, @PointCost = 0, @CustomerID = 138645, @UserCashBalance=0.00;
EXEC InsertTicket @TicketID = 149180, @StartCity = 'Nashville', @EndCity  = 'Detroit', @TicketCost = 143.08, @DistanceMiles  = 709, @TransactionID  = 440229, @CustomerID  = 138645;
EXEC UpdateFlights @CustomerID = 138645, @FlightID = 965725, @DepartureID = 648540, @TicketID = 149180;
INSERT INTO EMPLOYEE VALUES(223820, '13-B1-07-FB-2C-CF-69-53-8F-59-C0-A9-E1-90-5C-AE-27-CB-C6-1F-73-03-CD-AF-D9-97-C2-6B-56-AB-B7-BC-01-81-96-67-2A-69-A5-2F-4B-B5-76-71-64-23-17-AA-16-9E-D0-B2-D5-85-04-38-F4-32-5D-2F-6F-BC-56-BB', 'Tabitha', 'Shelton', '123 Tabby Street, Dallas, TX', '1112223333', '4/30/1989 10:40:13 PM', '3C-6F-93-56-86-64-2F-75-AB-C6-ED-54-95-C6-D2-34-0B-89-19-00-BB-F5-7A-71-13-6D-62-89-54-07-68-79', 'tabitha.shelton@airease.com', '123456789', 'Accountant');
INSERT INTO EMPLOYEE VALUES(281288, '07-6F-FE-1B-08-1F-57-09-91-23-58-81-DC-3D-F4-8D-14-F2-E7-6E-C4-D0-84-13-A3-C6-71-3F-41-7F-F6-8C-0F-57-50-93-5C-EF-5F-6D-E3-4A-8B-3D-F4-4D-04-89-1A-10-17-29-E3-CF-3A-1C-D3-42-52-23-59-92-15-CE', 'Shuyster', 'Bill', '123 Ball Ln, Dallas, TX', '2214435654', '3/30/1987 10:40:13 PM', 'FD-96-B5-83-76-16-40-B7-84-E4-BB-E9-97-C2-A9-8B-E8-27-76-F7-2A-2E-7C-AA-17-D9-9D-F8-B3-7A-BC-7A', 'shuyster.bill@airease.com', '987654321', 'Accountant');
INSERT INTO EMPLOYEE VALUES(375854, '0E-99-10-23-9B-C9-DF-6D-24-E9-B9-7C-F7-F6-3F-D2-0E-73-F6-96-05-3D-2A-B1-B6-2C-0E-D6-C5-29-52-88-7B-EB-42-59-02-3B-2D-35-5F-CB-01-01-39-DA-F5-B1-7F-2C-A8-90-80-ED-06-48-93-88-6E-61-29-6A-DF-90', 'Robert', 'Robertson', '123 Robby Road, Dallas, TX', '2223334444', '5/30/1981 10:40:13 PM', 'F4-CB-B0-44-93-7A-D0-92-C3-8B-0C-B3-69-61-59-E9-F2-B0-A3-81-9D-AD-E7-D4-70-2B-CC-5C-DA-FC-8A-68', 'rob.robertson@airease.com', '143456789', 'Flight Manager');
INSERT INTO EMPLOYEE VALUES(397827, 'C4-CB-54-2D-46-BB-78-C4-64-D1-63-45-81-F4-17-C4-49-7E-9A-73-95-F5-E0-F0-A8-A6-02-64-B1-B3-98-B8-50-57-EF-F2-6F-57-99-B5-46-F3-4A-45-5F-A0-59-85-5B-C5-C1-28-F8-26-5B-EC-E7-A9-DF-AB-4F-1F-6F-F5', 'William', 'Afton', '123 Purple Street, Dallas, TX', '2213149898', '4/30/1984 10:40:13 PM', '71-4E-BF-57-3A-FB-5C-3D-45-40-16-05-DF-61-1F-53-9E-15-5C-69-FB-D2-48-9F-96-51-AF-82-A9-46-33-F3', 'will.afton@airease.com', '222113333', 'Flight Manager');
INSERT INTO EMPLOYEE VALUES(438485, 'DE-0C-91-11-29-79-6A-02-92-11-40-46-55-26-BF-39-83-12-CD-84-90-B4-B6-72-5B-44-3C-38-E3-10-B7-34-79-93-D1-DF-8D-B7-E4-FF-97-FA-AA-D9-F8-51-9F-AF-2C-26-1B-5F-F0-9E-16-E1-27-E1-52-CE-62-75-36-F9', 'Shelby', 'Willy', '123 Engineer Street, Dallas, TX', '4445556666', '5/30/1976 10:40:13 PM', '16-EE-FD-18-75-CC-B9-D9-64-62-50-FA-44-71-45-B7-E7-C3-1B-F3-BE-D9-9D-D4-3B-EA-AA-7E-10-2E-52-21', 'shelby.willy@airease.com', '323456789', 'Load Engineer');
INSERT INTO EMPLOYEE VALUES(450808, '4F-30-AA-D0-2F-29-5B-66-3F-4A-B3-10-20-91-98-DA-F2-AD-77-20-10-DD-04-46-3D-E2-8A-81-9A-6B-9C-76-5A-AD-81-A8-A3-6B-91-CD-69-D7-A9-39-EA-B1-43-96-5B-32-D9-11-57-E2-CA-27-BB-BA-CA-1C-17-26-81-BB', 'Nathan', 'Polgram', '123 Rocky Road, Dallas, TX', '1237650989', '8/30/1995 10:40:13 PM', '6C-8D-C8-39-2F-C1-B7-CE-34-CC-38-D1-A4-A3-B5-87-EA-63-28-1E-FC-39-E5-85-2A-7F-43-4D-FB-2C-1C-38', 'nate.polgram@airease.com', '999661111', 'Load Engineer');
INSERT INTO EMPLOYEE VALUES(584351, 'B2-9F-85-3D-EF-9A-01-72-BB-AF-A3-28-A1-D5-DE-F6-84-15-E7-C2-C9-3A-13-F7-16-29-92-52-45-A0-27-C7-0B-E1-F6-46-D4-25-EE-70-42-75-78-A4-96-6D-4B-4E-91-5D-23-6C-8B-64-68-28-1F-B2-B9-14-A5-3D-F1-80', 'Patricia', 'Pattinson', '123 Market Road, Dallas, TX', '9991112222', '10/30/1997 10:40:13 PM', 'DC-48-36-E1-85-F4-A5-67-D7-09-C2-E6-81-AA-31-A8-23-29-42-51-1F-00-83-8C-AC-B3-18-FB-21-41-BC-F8', 'patsy.pattinson@airease.com', '123456789', 'Market Manager');
INSERT INTO EMPLOYEE VALUES(537500, '8E-D4-FA-81-81-98-66-3B-24-00-90-84-5A-DA-D9-4B-32-23-D9-6A-46-C1-9F-28-F1-CC-F1-85-16-CB-3B-68-94-EC-5E-11-2C-C8-3D-1C-DC-40-12-0B-7F-70-2E-96-82-4B-BD-7B-AA-A7-2B-05-6F-BA-C5-50-54-0B-A5-61', 'Kate', 'Tate', ' 440 Forest Hill Ln, Dallas, TX', '2214436677', '12/30/1997 10:40:13 PM', '3A-6A-CC-56-D1-8F-7E-E2-01-39-BE-2A-22-D7-A1-AD-49-34-0C-0D-F3-48-03-5E-9F-31-E5-9C-A5-6F-08-98', 'kate.tate@airease.com', '999887777', 'Market Manager');

Thank you for playing Wing Commander

